threshold,accuracy,precision,recall
0.1,0.8,0.7142857142857143,1.0
0.2,0.85,0.7692307692307693,1.0
0.3,0.85,0.7692307692307693,1.0
0.4,0.85,0.7692307692307693,1.0
0.5,0.85,0.7692307692307693,1.0
0.6,0.9,0.8333333333333334,1.0
0.7,0.95,0.9090909090909091,1.0
0.8,1.0,1.0,1.0
0.9,0.95,1.0,0.9
