threshold,accuracy,precision,recall
0.1,0.9755434782608695,0.9518413597733711,0.9970326409495549
0.2,0.9877717391304348,0.9767441860465116,0.9970326409495549
0.3,0.9904891304347826,0.9824561403508771,0.9970326409495549
0.4,0.9932065217391305,0.9882352941176471,0.9970326409495549
0.5,0.9945652173913043,0.9940652818991098,0.9940652818991098
0.6,0.9945652173913043,0.9940652818991098,0.9940652818991098
0.7,0.9945652173913043,0.9940652818991098,0.9940652818991098
