{
    "XGB_Thr": 0.5710131525993347,
    "RF_Thr": 0.48,
    "KNN_Thr": 0.50578771159215
}